Policy Name,Policy Name Variant,Community Name,Id,Url,Username,UserId,CommentsCount,UpVotesCount,UpVotesRatio,Date,Type,Title,Full Text,ImageUrls,VideoUrls
National AIDS Control Organisation (NACO) Internship Programme,National AIDS Control Organisation Internship Programme,PropagandaPosters,zsrlfj,https://www.reddit.com/r/PropagandaPosters/comments/zsrlfj/thank_god_i_said_no_to_aids_i_am_driving_straight/,BalQn,t2_41tvbr0s,90,3205,0.99,2022-12-22T17:25:40.000Z,post,"''Thank God I Said NO to AIDS - I AM DRIVING STRAIGHT HOME TO MY WIFE'' - Ugandan lithograph made as a part of the AIDS Control Programme, circa 1995","URL: https://i.redd.it/qtkrp0zdgh7a1.jpg
Thumbnail: https://a.thumbs.redditmedia.com/2ts-c5h22Rzo9h2WE8x8t85fxD7HAkhHjgjdJ950rc8.jpg
Images:
	https://preview.redd.it/qtkrp0zdgh7a1.jpg?auto=webp&amp;s=8af02f7ce32a2dc3a9a0a30611cd7b5b6ab66ed9
",,
National AIDS Control Organisation (NACO) Internship Programme,National AIDS Control Organisation Internship Programme,PropagandaPosters,14ld834,https://www.reddit.com/r/PropagandaPosters/comments/14ld834/stop_the_aids_spread_dont_jump_from_bed_to_bed/,BalQn,t2_41tvbr0s,4,142,0.99,2023-06-28T15:56:03.000Z,post,"''STOP THE AIDS SPREAD - DON'T JUMP FROM BED TO BED'' - anti-AIDS poster issued by the National AIDS Programme of Trinidad and Tobago (artist: Everald Clarke), 1990s","URL: https://i.redd.it/z55b7tn56s8b1.jpg
Thumbnail: https://a.thumbs.redditmedia.com/Rv1WVP9xlhLPTsu1e3JmjRFvnTPiBDKGH7LxYZE2MI0.jpg
Images:
	https://preview.redd.it/z55b7tn56s8b1.jpg?auto=webp&amp;s=7700b0ab07e66f62a770c6871f828b2c80cf6ae2
",,
National AIDS Control Organisation (NACO) Internship Programme,National AIDS Control Organisation Internship Programme,jobskenya,126mzny,https://www.reddit.com/r/jobskenya/comments/126mzny/national_organisation_financial_controller/,calolinalindas,t2_gzas5wrf,0,1,1.0,2023-03-30T13:30:01.000Z,post,National Organisation Financial Controller,"The Opportunity
We are looking for a skilled International Accounting Services Controller to join our Global Hub finance team. In this role, you will be responsible for ensuring accurate, complete and timely financial reporting data from COs (Country

https://jobskenya.stalva.com/job/national-organisation-financial-controller/",,
National AIDS Control Organisation (NACO) Internship Programme,National AIDS Control Organisation Internship Programme,u_scholarshipinindia,umgcgr,https://www.reddit.com/r/u_scholarshipinindia/comments/umgcgr/national_law_university_p39a_internship_programme/,scholarshipinindia,t2_32tejrxk,0,1,1.0,2022-05-10T11:18:36.000Z,post,National Law University (P39A) Internship Programme 2022 [Win variable awards],"URL: https://www.buddy4study.com/scholarship/national-law-university-pa-internship-programme
Thumbnail: https://b.thumbs.redditmedia.com/FRCl4h9znVopLkprl-b59-bRzp15ZwXu0Ndv4cgYHqE.jpg
Images:
	https://external-preview.redd.it/urL0cMLJHBMQl4n-IR617Vr4A33mClIESE9F-TyU8tI.jpg?auto=webp&amp;s=e4e34a4eedcda15ea0eb6ff27f41dc88ef5c4c84
",,
National AIDS Control Organisation (NACO) Internship Programme,National AIDS Control Organisation Internship Programme,worldpolitics,5q060n,https://www.reddit.com/r/worldpolitics/comments/5q060n/dutch_government_launching_international_fund_to/,cos,t2_de9k,135,988,0.93,2017-01-25T01:02:48.000Z,post,"Dutch Government launching international fund to finance access to birth control and abortion, to fill the gap left after the Trump administration announced it would no longer fund any overseas aid organisations which discussed abortion.","URL: http://www.sbs.com.au/news/article/2017/01/25/netherlands-counters-trump-international-abortion-fund
Thumbnail: https://b.thumbs.redditmedia.com/6Gz0aCdmtzvwE49z3cFMald3mKsBXdD7jmQkq0GkHSw.jpg
Images:
	https://external-preview.redd.it/V84sf-irVRJTu4KAMeNZsbVw6gcQaD3zGYAJwicn_oE.jpg?auto=webp&amp;s=973c6597a737aa0e25967d19528538b70e0cbf37
",,
National AIDS Control Organisation (NACO) Internship Programme,National AIDS Control Organisation Internship Programme,SCMPauto,165rf05,https://www.reddit.com/r/SCMPauto/comments/165rf05/world_us_okays_military_aid_to_taiwan_under/,AutoNewsAdmin,t2_12elra,0,1,1.0,2023-08-30T21:32:05.000Z,post,[World] - US okays military aid to Taiwan under programme usually reserved for sovereign nations,"URL: https://www.scmp.com/news/china/article/3232883/us-okays-military-aid-taiwan-under-programme-usually-reserved-sovereign-nations?utm_source=rss_feed
Thumbnail: https://b.thumbs.redditmedia.com/XU1TyqDzjmnBIoB743kHDPY0YdCZJuhEXivLZbT0DDg.jpg
Images:
	https://external-preview.redd.it/wUsNWiLYix7RrqZtGrnmDCNYDUbryk2W33mK43dLlrk.jpg?auto=webp&amp;s=c28814ec7e5d06b018dc6676edba6b89fed4e1ff
",,
National AIDS Control Organisation (NACO) Internship Programme,National AIDS Control Organisation Internship Programme,CSMauto,1ajlhq1,https://www.reddit.com/r/CSMauto/comments/1ajlhq1/national_senate_links_ukraine_aid_and_border/,AutoNewsAdmin,t2_12elra,0,1,1.0,2024-02-05T17:05:02.000Z,post,[National] - Senate links Ukraine aid and border control. Why the House isn’t sold.,"URL: https://www.csmonitor.com/USA/Politics/2024/0205/Senate-links-Ukraine-aid-and-border-control.-Why-the-House-isn-t-sold?icid=rss
Thumbnail: https://b.thumbs.redditmedia.com/PUgzQRWLStxnPiUy5bpYw8OuEnOVCH8z6xBfPqWI-8s.jpg
Images:
	https://external-preview.redd.it/hbUqj-n_FWjZLik4zDybcU4s9q_R_El7q9sjNzGVJQk.jpg?auto=webp&amp;s=13ecd722d6a9705c8076ccd478da9b65383cee8c
",,
National AIDS Control Organisation (NACO) Internship Programme,National AIDS Control Organisation Internship Programme,IAmA,1it4je,https://www.reddit.com/r/IAmA/comments/1it4je/i_am_unni_karunakara_international_president_of/,UnniKarunakara,t2_cfvp7,529,2780,0.92,2013-07-22T12:47:18.000Z,post,"I am Unni Karunakara, International President of Médecins Sans Frontières/Doctors Without Borders (MSF). Ask me anything!","**Thank you everyone for participating in the AMA! I'm sorry that I'm unable to take any more questions. To learn more about MSF, including how to donate and apply to volunteer, please visit www.msf.org.**

Proof: http://i.imgur.com/W9Yn8fI.jpg

Médecins Sans Frontières/Doctors Without Borders (MSF) is an international, independent, medical humanitarian organisation that delivers emergency aid to people affected by armed conflict, epidemics, natural disasters and exclusion from healthcare. MSF offers assistance to people based on need, irrespective of race, religion, gender or political affiliation. http://www.msf.org/

Dr Unni Karunakara was elected International President in June 2010. He has been involved with MSF since 1995, when he set up a tuberculosis control programme in Ethiopia. He went on to work as a medical coordinator for MSF programmes in Azerbaijan, Brazil and the Democratic Republic of Congo. Dr Karunakara has also worked in MSF’s public health department in Amsterdam, moving on to become medical director of MSF’s Access Campaign. In 2007, he was part of the medical emergency response team that treated victims of cyclone Sidr in Mathbaria, Bangladesh.",,
National AIDS Control Organisation (NACO) Internship Programme,National AIDS Control Organisation Internship Programme,NoFilterNews,19cvvp8,https://www.reddit.com/r/NoFilterNews/comments/19cvvp8/rworldnews/,Faction_Chief,t2_o46gh,0,1,1.0,2024-01-22T13:41:42.000Z,post,/r/worldnews - https://www.theguardian.com/global-development/2024/jan/22/united-nations-development-programme-undp-bribery-claims-iraq-aid-project,"/r/worldnews
   
 https://www.theguardian.com/global-development/2024/jan/22/united-nations-development-programme-undp-bribery-claims-iraq-aid-project",,
National AIDS Control Organisation (NACO) Internship Programme,National AIDS Control Organisation Internship Programme,humansarespaceorcs,172r4f9,https://www.reddit.com/r/humansarespaceorcs/comments/172r4f9/wp_an_alien_experiment_gone_awry_temporarily/,PhilosopherWarrior,t2_583lu9aw,31,852,0.99,2023-10-08T05:27:23.000Z,post,"[WP] An Alien experiment gone awry temporarily disrupts reality across the galaxy. After getting everything back under control, representatives met with the various nations of the galaxy to apologize and render aid. The Human response was... concerning, to say the least.","Alien Representative: Human Ambassador Juliet, we are here to apologize for the Great Disturbance. If we can assist with any reconstruction efforts, we will gladly do so.

Human Ambassador Juliet: The what?

AR: The Great Disturbance. I'm not sure what the Humans are calling it.

HAJ: I have no idea what you're talking about.

AR: Ah, you seem to be suffering from amnesia from The Great Disturbance. One of our experiments accidentally destabilized reality. I'm sure your reports have mentions of people spontaneously teleporting, family members that never existed suddenly being in all of your family pictures, the layout of your space stations randomly changing, and/or travel time being incredibly longer or shorter for no apparent reason.

HAJ: ... Homie, you just described the least weird day in terran space in the last 2000 cycles.

AR: Pardon?

HAJ: All of that happens on the same day all the time here.

AR: ... What?

HAJ: One of our planets disappeared 700 cycles back and suddenly reapered three days ago in a different star system and resumed communication like they never went missing. Hell, I went to sleep a Julian on Friday and woke up a Juliet on Tuesday of the same week with a second male me cosplaying a Felonian maid in the same bed. Fuck, this morning, my reflection in the mirror apologized for being late to their shift and handed me a perfectly cooked, medium rare steak smoothie.

AR: *AR.exe is not responding*

HAJ: We'll accept the apology but we've not encountered any weirdness here. Hell, if anything, the weird thing was that the universe was less weird for a bit. That being said, if any of you need help, let us know; the Terran Alliance is more than happy to be a good neighbor and friend.",,
National AIDS Control Organisation (NACO) Internship Programme,National AIDS Control Organisation Internship Programme,SANAauto,114vzx7,https://www.reddit.com/r/SANAauto/comments/114vzx7/sy_volunteers_from_different_nationalities/,AutoNewsAdmin,t2_12elra,0,1,1.0,2023-02-17T19:58:21.000Z,post,[SY] - Volunteers from different nationalities participates in organising dispatch of Russian relief aid,"URL: http://sana.sy/en/?p=300916
Thumbnail: https://b.thumbs.redditmedia.com/Bo2eWgjyGO7bojQFiP5MljvYCfab-SINgGgIcPVNh-U.jpg
Images:
	https://external-preview.redd.it/H2tBGfb3vzbiND5gGh3k-f_9KbtJgEe0raImvuiAMn4.jpg?auto=webp&amp;s=7e40a9e8305e5107cee543a7123ee04b43207015
",,
National AIDS Control Organisation (NACO) Internship Programme,National AIDS Control Organisation Internship Programme,TIMESINDIAauto,aye5ht,https://www.reddit.com/r/TIMESINDIAauto/comments/aye5ht/in_cabinet_approves_continuation_of_fourth_phase/,AutoNewsAdmin,t2_12elra,0,1,1.0,2019-03-07T16:01:27.000Z,post,[IN] - Cabinet approves continuation of fourth phase of National AIDS Control Programme,"URL: https://timesofindia.indiatimes.com/india/cabinet-approves-continuation-of-fourth-phase-of-national-aids-control-programme/articleshow/68307719.cms
Thumbnail: https://b.thumbs.redditmedia.com/z7HK9QxQTHvsoz4SzF5afrAIIEgMhx_7uYTh2h5cDiU.jpg
Images:
	https://external-preview.redd.it/9C3BMmQufhPV43NJXZMiPcxoVPvSCwxA3OwJUqTMf1g.jpg?auto=webp&amp;s=860b57a8ebfae352d1436c319be118568307967c
",,
National AIDS Control Organisation (NACO) Internship Programme,National AIDS Control Organisation Internship Programme,HIVandAIDS,g3di8v,https://www.reddit.com/r/HIVandAIDS/comments/g3di8v/aging_of_hiv_epidemic_in_india_insights_from_hiv/,Whey-Men,t2_12ub53,0,1,0.67,2020-04-17T23:54:19.000Z,post,Aging of HIV epidemic in India: Insights from HIV estimation modeling under the national aids control programme,"URL: http://www.ijph.in/article.asp?issn=0019-557X;year=2020;volume=64;issue=5;spage=76;epage=78;aulast=Kumar
Thumbnail: https://b.thumbs.redditmedia.com/ZkbCMX_KrsdWorHrx-1O6P6YzQG2HlAi_MFWSNYoOfE.jpg
",,
National AIDS Control Organisation (NACO) Internship Programme,National AIDS Control Organisation Internship Programme,u_dmzorins,f3oc03,https://www.reddit.com/r/u_dmzorins/comments/f3oc03/tb_awareness_programme_organised_by_drugs_control/,dmzorins,t2_521f39bc,0,1,1.0,2020-02-14T06:42:20.000Z,post,TB Awareness Programme Organised By drugs Control Organisation,"URL: https://www.youtube.com/watch?v=VtvDZM0ibeI&amp;feature=share
Thumbnail: https://b.thumbs.redditmedia.com/LMUU4P4oTzWly9Z9Hn9rIhjT3e1ajjUEfIcE7zHctVg.jpg
",,
National AIDS Control Organisation (NACO) Internship Programme,National AIDS Control Organisation Internship Programme,u_sairadm03,f3nirk,https://www.reddit.com/r/u_sairadm03/comments/f3nirk/tb_awareness_programme_organised_by_drugs_control/,sairadm03,t2_5grchur8,0,1,1.0,2020-02-14T05:25:36.000Z,post,TB Awareness Programme Organised By drugs Control Organisation,"URL: https://www.youtube.com/watch?v=VtvDZM0ibeI&amp;feature=share
Thumbnail: https://b.thumbs.redditmedia.com/LMUU4P4oTzWly9Z9Hn9rIhjT3e1ajjUEfIcE7zHctVg.jpg
",,
National AIDS Control Organisation (NACO) Internship Programme,National AIDS Control Organisation Internship Programme,u_Zorinstvnews,f3ny95,https://www.reddit.com/r/u_Zorinstvnews/comments/f3ny95/tb_awareness_programme_organised_by_drugs_control/,Zorinstvnews,t2_52ulvlj0,0,1,1.0,2020-02-14T06:05:54.000Z,post,TB Awareness Programme Organised By drugs Control Organisation,"URL: https://www.youtube.com/watch?v=VtvDZM0ibeI&amp;feature=share
Thumbnail: https://b.thumbs.redditmedia.com/LMUU4P4oTzWly9Z9Hn9rIhjT3e1ajjUEfIcE7zHctVg.jpg
",,
National AIDS Control Organisation (NACO) Internship Programme,National AIDS Control Organisation Internship Programme,u_manasadm,f3ngwi,https://www.reddit.com/r/u_manasadm/comments/f3ngwi/tb_awareness_programme_organised_by_drugs_control/,manasadm,t2_5gypkggo,0,1,1.0,2020-02-14T05:20:50.000Z,post,TB Awareness Programme Organised By drugs Control Organisation,"URL: https://www.youtube.com/watch?v=VtvDZM0ibeI&amp;feature=share
Thumbnail: https://b.thumbs.redditmedia.com/LMUU4P4oTzWly9Z9Hn9rIhjT3e1ajjUEfIcE7zHctVg.jpg
",,
National AIDS Control Organisation (NACO) Internship Programme,National AIDS Control Organisation Internship Programme,u_Alternative-Two22,tfg831,https://www.reddit.com/r/u_Alternative-Two22/comments/tfg831/the_national_tuberculosis_control_programme_in/,Alternative-Two22,t2_jznfk3q2,0,2,1.0,2022-03-16T12:11:32.000Z,post,The National Tuberculosis Control Programme in South India,"Assessment of public private mix in the Revised National Tuberculosis Control Programme in a south Indian district Vijayshree.H.Y, Battaglioli T, G.K.Sanath Kumar, Devadasan N, Van Der Stuyft In In.",,
National AIDS Control Organisation (NACO) Internship Programme,National AIDS Control Organisation Internship Programme,AutoNewspaper,1ajlpio,https://www.reddit.com/r/AutoNewspaper/comments/1ajlpio/national_senate_links_ukraine_aid_and_border/,AutoNewspaperAdmin,t2_12gbdz,0,1,1.0,2024-02-05T17:13:25.000Z,post,[National] - Senate links Ukraine aid and border control. Why the House isn’t sold. | Christian Science Monitor,"URL: https://www.csmonitor.com/USA/Politics/2024/0205/Senate-links-Ukraine-aid-and-border-control.-Why-the-House-isn-t-sold?icid=rss
Thumbnail: https://b.thumbs.redditmedia.com/PUgzQRWLStxnPiUy5bpYw8OuEnOVCH8z6xBfPqWI-8s.jpg
Images:
	https://external-preview.redd.it/hbUqj-n_FWjZLik4zDybcU4s9q_R_El7q9sjNzGVJQk.jpg?auto=webp&amp;s=13ecd722d6a9705c8076ccd478da9b65383cee8c
",,
National AIDS Control Organisation (NACO) Internship Programme,National AIDS Control Organisation Internship Programme,ukpolitics,hq2uth,https://www.reddit.com/r/ukpolitics/comments/hq2uth/johnson_sets_up_clash_with_scotland_and_wales/,bottish,t2_jticp,111,158,0.93,2020-07-12T21:52:22.000Z,post,"Johnson sets up clash with Scotland and Wales over control of state aid. Boris Johnson’s government is planning to withhold power to control state aid from the UK’s devolved nations when the Brexit transition ends, in a move that will outrage Scotland and Wales.","URL: https://www.ft.com/content/af238d8a-f7b5-4e7a-bddd-b5244305e92e
",,
National AIDS Control Organisation (NACO) Internship Programme,National AIDS Control Organisation Internship Programme,IsraelPalestine,1b92c1v,https://www.reddit.com/r/IsraelPalestine/comments/1b92c1v/the_gaza_flour_massacre/,ArielRusilaFI,t2_g294wany,413,27,0.6,2024-03-07T18:49:36.000Z,post,The Gaza Flour Massacre,"The Al-Rashid Humanitarian Aid Distribution Disaster \[Flour Massacre\] refers to an incident in Gaza on February 29, 2024, in which, according to Palestinian sources, at least 118 Palestinian civilians were killed and at least 760 were injured after Israeli forces allegedly opened fire on civilians stealing food from aid trucks. (Initial reports say 50 people were killed. The Palestinian Foreign Ministry confirmed the incident, saying 70 people were killed and at least 250 wounded).  
According to the Israeli Defense Forces (IDF), most of the victims were trampled in the crowd caused by looters and aid trucks ran over the crowd. The Israeli military fired warning shots to quell the looting, also firing on Gazans who charged IDF forces protecting aid convoys in two related incidents.  
The aid convoy was one of at least four that Israel organised in a new partnership with local Palestinian businessmen to northern Gaza, where international groups have suspended most operations due to looting and security threats. In order to deliver food to northern Gaza, local Gazan businessmen organised the trucks with the IDF in charge of security and the aid trucks travelled the humanitarian corridor organised by the IDF.  
IDF spokesman Rear Admiral Daniel Hagari held a press conference where he confirmed that Israel was involved in facilitating the aid convoy and denied that the IDF had struck the aid convoy. Hagari also claimed that the IDF had fired warning shots to try to disperse the crowd that attacked the aid convoy and that IDF forces had begun to withdraw from the scene when the looters began to pose an immediate threat to the troops present. Hagari explained that it was because of this threat that IDF soldiers were forced to respond.  
Hagari stated *“We have started an investigation to investigate the incident further, which will help reduce the risk of such a tragic incident happening again during one of our humanitarian operations. The incident is investigated by the Fact-Finding and Evaluation Mechanism, which is an independent, professional and expert body. In the interest of transparency, we will share our updates as the investigation develops, hopefully in the coming days.”*…Hagari stressed *“We will continue to expand our humanitarian efforts to the civilian population of Gaza while achieving our goals of freeing our hostages from Hamas and liberating Gaza from Hamas.”*  
The UN’s World Food Program (WFP) has previously stated that the overwhelming lawlessness prevailed in the region, which has made it difficult to transport aid to Gaza. According to the New York Times, the aid convoy that ended up in disaster on Thursday was part of a new Israeli operation to get desperately needed food to Gazans by working directly with local businessmen.  
Israel was involved in organising at least four such aid convoys to northern Gaza last week after international aid groups suspended operations in the region, citing rising lawlessness. Some residents have resorted to looting the pantries of abandoned homes. UN aid convoys carrying essential goods to northern Gaza have been looted either by civilians fearing starvation or by organised gangs. Israel’s aid efforts sought to fill the vacuum left by the United Nations and other aid agencies. On Thursday, this company experienced a setback against the Israeli designers.  
Israeli military officials contacted several Gazan businessmen and asked them to help organize an aid convoy to the north, according to two Palestinian businessmen involved in the operation, Izzat Aqel and Jawdat Khoudary. Mr. Aqel said in an interview with The New York Times that he helped deliver some of the trucks involved in Thursday’s ill-fated convoy. According to him, an Israeli military officer had called him about 10 days earlier and asked him to organise aid trucks to northern Gaza with as much food and drink as possible. According to Mr. Aqel, as of this week, the operation’s first three convoys — each of 15 to 25 trucks — had entered northern Gaza without any problems. Some were relief trucks sent by him, while others were organised by other contractors. The convoy, which ended in bloodshed, left the Kerem Shalom crossing between Israel and Gaza before heading to northern Gaza, aiming to reach areas that had not seen aid for weeks, Aqel said.  
Sources include Jerusalem Post , AP , BBC , NewYorkTimes , IDF ",,
National AIDS Control Organisation (NACO) Internship Programme,National AIDS Control Organisation Internship Programme,AutoNewspaper,114wgze,https://www.reddit.com/r/AutoNewspaper/comments/114wgze/sy_volunteers_from_different_nationalities/,AutoNewspaperAdmin,t2_12gbdz,0,1,1.0,2023-02-17T20:18:07.000Z,post,[SY] - Volunteers from different nationalities participates in organising dispatch of Russian relief aid | SANA,"URL: http://sana.sy/en/?p=300916
Thumbnail: https://b.thumbs.redditmedia.com/Bo2eWgjyGO7bojQFiP5MljvYCfab-SINgGgIcPVNh-U.jpg
Images:
	https://external-preview.redd.it/H2tBGfb3vzbiND5gGh3k-f_9KbtJgEe0raImvuiAMn4.jpg?auto=webp&amp;s=7e40a9e8305e5107cee543a7123ee04b43207015
",,
National AIDS Control Organisation (NACO) Internship Programme,National AIDS Control Organisation Internship Programme,AutoNewspaper,165ruxc,https://www.reddit.com/r/AutoNewspaper/comments/165ruxc/world_us_okays_military_aid_to_taiwan_under/,AutoNewspaperAdmin,t2_12gbdz,0,1,1.0,2023-08-30T21:49:27.000Z,post,[World] - US okays military aid to Taiwan under programme usually reserved for sovereign nations | South China Morning Post,"URL: https://www.scmp.com/news/china/article/3232883/us-okays-military-aid-taiwan-under-programme-usually-reserved-sovereign-nations?utm_source=rss_feed
Thumbnail: https://b.thumbs.redditmedia.com/XU1TyqDzjmnBIoB743kHDPY0YdCZJuhEXivLZbT0DDg.jpg
Images:
	https://external-preview.redd.it/wUsNWiLYix7RrqZtGrnmDCNYDUbryk2W33mK43dLlrk.jpg?auto=webp&amp;s=c28814ec7e5d06b018dc6676edba6b89fed4e1ff
",,
National AIDS Control Organisation (NACO) Internship Programme,National AIDS Control Organisation Internship Programme,chanceme,19dg918,https://www.reddit.com/r/chanceme/comments/19dg918/chance_me_for_nyu_harvard_yale/,Plus-Boot9923,t2_m16zu37q,19,1,0.57,2024-01-23T04:42:58.000Z,post,"Chance me for NYU, Harvard, Yale","Hi everyone, I'm aware I'm being amibitious. Just give it to me straight. I want to go into the social sciences, and will be joining in 2025, and I'm planning to ED into one of these schools (I haven't done lots of research yet on which though, but my chances of getting in will obviously sway my decision)

demographic: international student, indian, female, family income &lt;100k.

stats: predicted 42/45 IB, 1470 SAT.

ecs:

- internship at social organisation

- debate club president and national award winner

- published writer/poet in international literary magazines

- distinction in school literary arts programme

- short films created screened in national + international film showcases

- english tutor for people in Syria impacted by war (volunteered through an organisation)

- political volunteering

- conducted anthropology research on low-wage migrant workers in my country and research on the portrayal of gendered roles and dynamics in Indian cinema (research papers are required of the IB, but we can do any topic we wish. I am likely to score well in both of these.)

- john locke essay award: high commendation in politics category 2022. The only one of my country to be awarded this, and in the top 20 of 621 applicants.

- owned a small business for a while in 2021/2022, selling made-to-order apparel.



Thanks in advance!",,
National AIDS Control Organisation (NACO) Internship Programme,National AIDS Control Organisation Internship Programme,ireland,1bkush1,https://www.reddit.com/r/ireland/comments/1bkush1/ama_irish_rail_director_of_capital_investments/,AutoModerator,t2_6l4z3,151,55,0.9,2024-03-22T09:01:54.000Z,post,AMA Irish Rail Director of Capital Investments,"Start time: 11am

Welcome /u/irishrailofficial

Ask your questions about the future projects at Irish Rail. 

**Bio**

Paul joined Iarnród Éireann in March 2021 as Assistant Director – Programme Systems Integration, and was appointed Director Capital Investments in July 2022. Paul’s career has encompassed senior delivery roles in Programme and Project Management including Grangegorman DIT Campus, Luas Cross City, Manchester Metrolink and Heathrow Terminal 2.

In the role of Director Capital Investments, Paul will lead a team of over 130 project management professionals, and continue the successful delivery of the programme. This critical senior role will lead the delivery of a suite of projects which include the DART+ Programme, Cork Area Commuter Rail, other regional city rail projects, Train Protection System and the new National Train Control Centre.",,
National AIDS Control Organisation (NACO) Internship Programme,National AIDS Control Organisation Internship Programme,PropagandaPosters,10pe5rp,https://www.reddit.com/r/PropagandaPosters/comments/10pe5rp/do_not_shoot_each_other_shoot_aids_ugandan/,Hunor_Deak,t2_lmjep70e,39,1768,0.99,2023-01-30T21:10:51.000Z,post,"'Do not shoot each other, shoot AIDS' — Ugandan anti-AIDS poster issued in 1994-5 by the Ministry of Health showing a soldier firing condoms into the air. @propagandopolis","URL: https://i.redd.it/8ag2oq1jx8fa1.jpg
Thumbnail: https://b.thumbs.redditmedia.com/axlEXFRkyDEVXvYyzjlTdowRARRkrZ0L3vGXbZOOJmE.jpg
Images:
	https://preview.redd.it/8ag2oq1jx8fa1.jpg?auto=webp&amp;s=e294f8a5dfba54da107c97b8cf2d3c28e7c9934a
",,
National AIDS Control Organisation (NACO) Internship Programme,National AIDS Control Organisation Internship Programme,PkVacancy,2qw1ja,https://www.reddit.com/r/PkVacancy/comments/2qw1ja/jobs_national_aids_control_programme_lahore/,pkvacancy,t2_io3rc,0,1,1.0,2014-12-31T04:42:43.000Z,post,"Jobs - National AIDS Control Programme, Lahore -","URL: http://www.pkvacancy.com/jobs/jobs-national-aids-control-programme-lahore/
",,
National AIDS Control Organisation (NACO) Internship Programme,National AIDS Control Organisation Internship Programme,u_Sachin_Mane,nwgtl6,https://www.reddit.com/r/u_Sachin_Mane/comments/nwgtl6/internship_programme_at_international_model/,Sachin_Mane,t2_640rejri,0,1,1.0,2021-06-10T06:26:58.000Z,post,Internship Programme at International Model United Nation,"URL: https://www.linkedin.com/posts/sachin-mane-7b6962170_internationalmun-mun-imun-activity-6808639518145564673-3HJ7
Thumbnail: https://b.thumbs.redditmedia.com/3QV2bjmITzNEs_4QqN4b9UibH_a_7PS6CXwnqm_hkGc.jpg
Images:
	https://external-preview.redd.it/4PgIzt2dsWk0hsH_pv6fTscUBf4LNxa8vUF1zyE23u0.jpg?auto=webp&amp;s=adf334dabc58b5ccda405f20fe4d11f983c41fe9
",,
National AIDS Control Organisation (NACO) Internship Programme,National AIDS Control Organisation Internship Programme,todayilearned,gm670y,https://www.reddit.com/r/todayilearned/comments/gm670y/til_that_under_naconational_aids_control/,kattaveruppi,t2_3trq9i87,8,64,0.83,2020-05-18T17:42:45.000Z,post,"TIL that under NACO(National AIDS control organisation) of india,they are providing free needles to drug abusers in order to avoid the needle sharing and subsequent risk of HIV transmission.","URL: http://www.naco.gov.in
Thumbnail: https://a.thumbs.redditmedia.com/Y5Kz3mfIEcg-LgshtadYkA_B83BKKI_rr2KR6HdJY18.jpg
",,
National AIDS Control Organisation (NACO) Internship Programme,National AIDS Control Organisation Internship Programme,HIVandAIDS,waa0kh,https://www.reddit.com/r/HIVandAIDS/comments/waa0kh/india_people_living_with_hiv_have_been_protesting/,Whey-Men,t2_12ub53,0,1,1.0,2022-07-28T13:29:16.000Z,post,"India - People living with HIV have been protesting outside offices of the National AIDS Control Organisation (NACO) for five days, demanding that they receive medicines in a timely manner following shortages for nearly five months","URL: https://indianexpress.com/article/explained/behind-the-protests-over-hiv-medicine-shortage-8053477/
Thumbnail: https://b.thumbs.redditmedia.com/dpxV-qaR197hdt4Uo9vOgXyGEpnH__q7L_LH-x1_GEo.jpg
Images:
	https://external-preview.redd.it/TrUcKnZgHPIjaNdiwgVCBTuVJjOgDVfbfuJCPEH5s6w.jpg?auto=webp&amp;s=dfc50bbe9eadb9501b220de9457d2a5f2df6d45b
",,
National AIDS Control Organisation (NACO) Internship Programme,National AIDS Control Organisation Internship,worldnews,1c27zf5,https://www.reddit.com/r/worldnews/comments/1c27zf5/idf_eliminates_hamas_terrorist_who_took_control/,Master-Concept-5260,t2_xic6p7bqm,456,3973,0.82,2024-04-12T12:32:49.000Z,post,IDF eliminates Hamas terrorist who took control of aid trucks in Gaza,"URL: https://m.jpost.com/israel-hamas-war/article-796693
Thumbnail: https://a.thumbs.redditmedia.com/jE-iK3cMScmYKxGCl27d6cmYP0X0Q_BN-WiWNcxUTM8.jpg
Images:
	https://external-preview.redd.it/izvUizzkxrJ3enkA6BzZ6CCzyNe6lAFpKRUJfazNYu0.jpg?auto=webp&amp;s=1294e089332017c68553e79af19ac5a7c07aaae0
",,
National AIDS Control Organisation (NACO) Internship Programme,National AIDS Control Organisation Internship,TrollYChromosome,eal016,https://www.reddit.com/r/TrollYChromosome/comments/eal016/a_piece_i_did_with_aids_concern_organisation_hong/,lovaduck,t2_27jfb2y,345,9086,0.97,2019-12-14T15:28:01.000Z,post,"A piece I did with AIDS Concern organisation Hong Kong to combat gender stereotypes, hope this brings peace to the world. :)","URL: https://i.redd.it/8ay2hg3jam441.jpg
Thumbnail: https://b.thumbs.redditmedia.com/6x-C1Lh76S60NofuxiMyc1qRxy8Yxz9tUwivfmDFR7w.jpg
Images:
	https://preview.redd.it/8ay2hg3jam441.jpg?auto=webp&amp;s=a2106ba70961656761e0167ecfba984e0e9c26d0
",,
National AIDS Control Organisation (NACO) Internship Programme,National AIDS Control Organisation Internship,MadeMeSmile,n3bnay,https://www.reddit.com/r/MadeMeSmile/comments/n3bnay/navajo_nation_sending_aid_to_india/,AdriftAlchemist,t2_8kpqjke,655,63856,0.92,2021-05-02T17:43:12.000Z,post,Navajo Nation sending aid to India,"URL: https://i.redd.it/mujgjecyuqw61.jpg
Thumbnail: https://a.thumbs.redditmedia.com/xsOqcq-sJTImKz04LcUHOsHAmOUR0tUWa35ABk5vgh0.jpg
Images:
	https://preview.redd.it/mujgjecyuqw61.jpg?auto=webp&amp;s=e4e109293ed8956a55024a256dbec77ab73c5f91
",,
National AIDS Control Organisation (NACO) Internship Programme,National AIDS Control Organisation Internship,australia,or8a8b,https://www.reddit.com/r/australia/comments/or8a8b/protesters_believe_government_that_cant_even/,rustoren,t2_ah8sa6qq,753,11435,0.93,2021-07-25T09:06:35.000Z,post,Protesters Believe Government That Can’t Even Organise A Vax Rollout Is ‘Controlling Them’,"URL: https://www.theshovel.com.au/2021/07/25/protests-government-control/
Thumbnail: https://b.thumbs.redditmedia.com/bfq2eSE6OX-PSQ6igBvF5dqe-mYA54Hjs7HtYKIAWKQ.jpg
Images:
	https://external-preview.redd.it/gGHfsQd6mtq-zI24Ystx77ZrGvBDN2Ej1rieq-0RsH0.jpg?auto=webp&amp;s=3e954926c4bd55bf108af20b3d479c16bd3371ea
",,
National AIDS Control Organisation (NACO) Internship Programme,National AIDS Control Organisation Internship,worldnews,g688qm,https://www.reddit.com/r/worldnews/comments/g688qm/trump_organisation_seeking_uk_and_irish_financial/,TrumpSharted,t2_hhq3wyu,333,3297,0.92,2020-04-22T20:01:58.000Z,post,Trump Organisation 'seeking UK and Irish financial aid' to cope with virus impact,"URL: https://www.telegraph.co.uk/news/2020/04/22/trump-organisation-seeking-uk-irish-financial-aid-cope-virus/
Thumbnail: https://a.thumbs.redditmedia.com/jviJjDNffPy60L_JooIyqr-7Kc4OiH4ByiU147ij-B8.jpg
Images:
	https://external-preview.redd.it/YFH9o-VrXEyY7JgmvvCMmo1AHKTlMMIjB4K8fFNCCC4.jpg?auto=webp&amp;s=e65543f825f9a497497cec4f97d9b9a45534774f
",,
National AIDS Control Organisation (NACO) Internship Programme,National AIDS Control Organisation Internship,politics,4a0n14,https://www.reddit.com/r/politics/comments/4a0n14/hillary_clinton_falsely_credits_reagans_with/,-_---1,t2_w4vfl,946,8212,0.82,2016-03-11T20:43:44.000Z,post,Hillary Clinton Falsely Credits Reagans With Starting ‘National Conversation’ on HIV/AIDS,"URL: https://theintercept.com/2016/03/11/hillary-clinton-falsely-credits-the-reagans-with-starting-a-national-conversation-on-hivaids/
Thumbnail: https://b.thumbs.redditmedia.com/3bRSqnmW20ZjHj2aoJClB8OIQ_N0ODkQilPRIBjPsfM.jpg
Images:
	https://external-preview.redd.it/cqe5t2qqbhwx6JPczGIUBQwX6j0PrHva4APyFySxmng.jpg?auto=webp&amp;s=b90a0b28bd2421d018f4aa24447e506e08dac2c0
",,
National AIDS Control Organisation (NACO) Internship Programme,National AIDS Control Organisation Internship,worldnews,6l86ge,https://www.reddit.com/r/worldnews/comments/6l86ge/united_nations_and_world_health_organisation_call/,I__Write,t2_wv4lz,1811,53043,0.66,2017-07-04T16:47:31.000Z,post,United Nations and World Health Organisation call for drugs to be decriminalised,"URL: https://www.independent.co.uk/news/health/united-nations-world-health-organisation-drugs-decriminalised-a7818726.html
Thumbnail: https://a.thumbs.redditmedia.com/ISip9_goM-WcYtLmvGtNNAsXgsH7aiV2bnEQkQftN34.jpg
Images:
	https://external-preview.redd.it/jOfWZb35wIFmWxBGMsHdnLfEewG-SBHaiJsaFX0kYrY.jpg?auto=webp&amp;s=6f4d50181447a44a5e0134d340a09c066d4acdb8
",,
National AIDS Control Organisation (NACO) Internship Programme,National AIDS Control Organisation Internship,imaginarymaps,18j5gpu,https://www.reddit.com/r/imaginarymaps/comments/18j5gpu/the_nations_of_the_euroafrican_treaty_organisation/,Affectionate_Wash_11,t2_5wl3di1q,51,1000,0.98,2023-12-15T17:33:34.000Z,post,The nations of the Euroafrican Treaty Organisation,"URL: https://i.redd.it/bdxa0h15vh6c1.jpeg
Thumbnail: https://b.thumbs.redditmedia.com/ddmXhsonI8F4fqmdQI4bMIvCBaR_wMkaj-zpp7VQSqU.jpg
Images:
	https://preview.redd.it/bdxa0h15vh6c1.jpeg?auto=webp&amp;s=2fbf7495999837476fad127315ec161fd59364fc
",,
National AIDS Control Organisation (NACO) Internship Programme,National AIDS Control Organisation Internship,formuladank,14bovee,https://www.reddit.com/r/formuladank/comments/14bovee/surely_the_organisers_have_this_under_control/,YayMayonnaise,t2_w0jzwkj,22,3347,0.99,2023-06-17T11:36:06.000Z,post,Surely the organisers have this under control,"URL: https://i.redd.it/9bqrqcjpdk6b1.jpg
Thumbnail: https://b.thumbs.redditmedia.com/TedA6KUUdp3iyULlkIJxlLvxfsanLE1W09lvPfVTJTM.jpg
Images:
	https://preview.redd.it/9bqrqcjpdk6b1.jpg?auto=webp&amp;s=3ef084367ecf2976746d4a5e5a2ffa6253324b9e
",,
National AIDS Control Organisation (NACO) Internship Programme,National AIDS Control Organisation Internship,wholesomememes,157c1kz,https://www.reddit.com/r/wholesomememes/comments/157c1kz/it_has_been_amazing_to_see_how_aids_has_been/,JoannHammond5,t2_vgylipcg,860,64552,0.92,2023-07-23T11:07:26.000Z,post,"It has been amazing to see how aids has been controlled, definitely a win for humanity","URL: https://i.redd.it/fe0wiju26pdb1.jpg
Thumbnail: https://a.thumbs.redditmedia.com/pi97s9bLnuu5KffgVQdpy5jMjjt5fnPwZI8OU4D1BO4.jpg
Images:
	https://preview.redd.it/fe0wiju26pdb1.jpg?auto=webp&amp;s=962822e21abb7cade1647c097ccfe0e05c90f317
",,
National AIDS Control Organisation (NACO) Internship Programme,National AIDS Control Organisation Internship,worldnews,7706d2,https://www.reddit.com/r/worldnews/comments/7706d2/neonazi_and_national_front_organiser_quits/,gloriousglib,t2_gcbi1,5013,85064,0.84,2017-10-17T17:36:53.000Z,post,"Neo-Nazi and National Front organiser quits movement, comes out as gay, opens up about Jewish heritage","URL: https://www.channel4.com/news/neo-nazi-national-front-organiser-quits-movement-comes-out-as-gay-kevin-wilshaw-jewish-heritage
Thumbnail: https://a.thumbs.redditmedia.com/-qPHCcM4LzTC4FWH2d5qLMZbmEX5gkmjkUNHsAsQ7D8.jpg
Images:
	https://external-preview.redd.it/fEMcH2xs_hIhwUNp_dJjeFZjT2hapmZFS642kl4BzCc.jpg?auto=webp&amp;s=f753b3661c8fc649ae11ab7f82ac4b87422ffe83
",,
National AIDS Control Organisation (NACO) Internship Programme,National AIDS Control Organisation Internship,TrollYChromosome,eek8ev,https://www.reddit.com/r/TrollYChromosome/comments/eek8ev/consent_a_concept_every_single_person_should_know/,lovaduck,t2_27jfb2y,291,4488,0.92,2019-12-23T12:50:56.000Z,post,"Consent, a concept every single person should know. Drew this piece to explain consent, collaboration with Aids Concern Organisation Hong Kong. Wish you a safe and merry Christmas :)","URL: https://i.redd.it/c9v096cpqd641.jpg
Thumbnail: https://b.thumbs.redditmedia.com/QXuSKcrWCFsgJ9CxLqO0qZgWlp1BRHZW6oh3xao1m9Q.jpg
Images:
	https://preview.redd.it/c9v096cpqd641.jpg?auto=webp&amp;s=8ee22b1a8629719088926364c44d4bc2caa743c4
",,
National AIDS Control Organisation (NACO) Internship Programme,National AIDS Control Organisation Internship,comedyheaven,q61w0p,https://www.reddit.com/r/comedyheaven/comments/q61w0p/in_aid_of_national_coming_out_day_in_the_uk/,moleinahole94,t2_4jkvlxyu,243,54006,0.95,2021-10-11T18:09:35.000Z,post,In aid of National Coming Out Day in the UK...,"URL: https://i.redd.it/8sv26udd3vs71.jpg
Thumbnail: https://b.thumbs.redditmedia.com/BRBiRpuahRUNCyDMF9Anh79oLjkjnKwtC8fJ4Tf-VCo.jpg
Images:
	https://preview.redd.it/8sv26udd3vs71.jpg?auto=webp&amp;s=3dc45bb0aae4dcb145fa08bfd92ada28ddb82a6f
",,
National AIDS Control Organisation (NACO) Internship Programme,National AIDS Control Organisation Internship,politics,1524i1v,https://www.reddit.com/r/politics/comments/1524i1v/democratic_senator_gop_will_100_percent_pass/,keyjan,t2_mlz96,786,10292,0.97,2023-07-17T15:05:28.000Z,post,Democratic senator: GOP will ‘100 percent’ pass national abortion ban with control of Congress,"URL: https://thehill.com/homenews/house/4101202-democratic-senator-gop-will-100-percent-pass-national-abortion-ban-with-control-of-congress/
Thumbnail: https://b.thumbs.redditmedia.com/aXl-kP7zYuF7JuQCuzJ02XUwGp2iHP8XA4-JaRjewYQ.jpg
Images:
	https://external-preview.redd.it/8JDHj4yOiksy3I3_IQy8RmHpZ0lkSkVDiMNkgSQBo9Y.jpg?auto=webp&amp;s=eb8905688220b0385b508b8454896f5c4f69bed1
",,
National AIDS Control Organisation (NACO) Internship Programme,National AIDS Control Organisation Internship,popheads,r7bjk9,https://www.reddit.com/r/popheads/comments/r7bjk9/hivaids_organisations_say_dababy_ghosted_them_and/,sincerityisscxry,t2_44gw1gvm,127,2331,0.99,2021-12-02T16:45:02.000Z,post,HIV/AIDs organisations say DaBaby “ghosted” them and has not donated any money,"URL: https://www.nme.com/news/music/hiv-aids-organisations-say-dababy-has-ghosted-them-and-not-donated-any-money-3109606
",,
National AIDS Control Organisation (NACO) Internship Programme,National AIDS Control Organisation Internship,LeopardsAteMyFace,ijyvb3,https://www.reddit.com/r/LeopardsAteMyFace/comments/ijyvb3/coplover_gets_denied_first_aid_by_outofcontrol/,roterwedding,t2_6kmo37f2,379,29605,0.89,2020-08-31T14:22:11.000Z,post,"Coplover gets denied first aid by out-of-control cops, dies.","URL: https://i.redd.it/0doy4nw4j8k51.jpg
Thumbnail: https://b.thumbs.redditmedia.com/CvwRu5MDYWbiQEMB4aj5SP3MNIZv9JBZZrTGjIAUa5M.jpg
Images:
	https://preview.redd.it/0doy4nw4j8k51.jpg?auto=webp&amp;s=fd788e4b39a4ea5560383c7820dd3717d3e395f9
",,
National AIDS Control Organisation (NACO) Internship Programme,National AIDS Control Organisation Internship,nottheonion,770cty,https://www.reddit.com/r/nottheonion/comments/770cty/exclusive_neonazi_and_national_front_organiser/,tcolgan23,t2_gs6lrpl,856,25415,0.88,2017-10-17T18:02:21.000Z,post,"Exclusive: Neo-Nazi and National Front organiser quits movement, opens up about Jewish heritage, comes out as gay","URL: https://www.channel4.com/news/neo-nazi-national-front-organiser-quits-movement-comes-out-as-gay-kevin-wilshaw-jewish-heritage
Thumbnail: https://a.thumbs.redditmedia.com/-qPHCcM4LzTC4FWH2d5qLMZbmEX5gkmjkUNHsAsQ7D8.jpg
Images:
	https://external-preview.redd.it/fEMcH2xs_hIhwUNp_dJjeFZjT2hapmZFS642kl4BzCc.jpg?auto=webp&amp;s=f753b3661c8fc649ae11ab7f82ac4b87422ffe83
",,
National AIDS Control Organisation (NACO) Internship Programme,National AIDS Control Organisation Internship,UpliftingNews,xnmmgy,https://www.reddit.com/r/UpliftingNews/comments/xnmmgy/biden_surprises_elton_john_with_the_national/,Sariel007,t2_41v32,653,24691,0.9,2022-09-25T12:54:34.000Z,post,Biden Surprises Elton John With The National Humanities Medal Following A Concert At The White House For His Years Of Advocacy In The Fight Against HIV/AIDS,"URL: https://www.cnn.com/2022/09/23/politics/elton-john-humanities-medal-white-house-performance-biden/index.html
Thumbnail: https://b.thumbs.redditmedia.com/z34t1GnaFwR8NU2X1nbXFW8n7J1wWk3ocwTbLpR9tPw.jpg
Images:
	https://external-preview.redd.it/-kbiJAPl8UeS697JijNW3hcS3dY4W7DTIyE7h-5g42s.jpg?auto=webp&amp;s=917c8e65b40377e77cb16b1378562af4868a3b7b
",,
National AIDS Control Organisation (NACO) Internship Programme,National AIDS Control Organisation Internship,PropagandaPosters,zsrlfj,https://www.reddit.com/r/PropagandaPosters/comments/zsrlfj/thank_god_i_said_no_to_aids_i_am_driving_straight/,BalQn,t2_41tvbr0s,90,3206,0.99,2022-12-22T17:25:40.000Z,post,"''Thank God I Said NO to AIDS - I AM DRIVING STRAIGHT HOME TO MY WIFE'' - Ugandan lithograph made as a part of the AIDS Control Programme, circa 1995","URL: https://i.redd.it/qtkrp0zdgh7a1.jpg
Thumbnail: https://a.thumbs.redditmedia.com/2ts-c5h22Rzo9h2WE8x8t85fxD7HAkhHjgjdJ950rc8.jpg
Images:
	https://preview.redd.it/qtkrp0zdgh7a1.jpg?auto=webp&amp;s=8af02f7ce32a2dc3a9a0a30611cd7b5b6ab66ed9
",,
National AIDS Control Organisation (NACO) Internship Programme,National AIDS Control Organisation Internship,worldnews,1660gew,https://www.reddit.com/r/worldnews/comments/1660gew/us_approves_firstever_military_aid_to_taiwan/,the_real_jake,t2_12hiig,301,2784,0.97,2023-08-31T04:02:33.000Z,post,US approves first-ever military aid to Taiwan through program typically used for sovereign nations,"URL: https://www.cnn.com/2023/08/30/politics/us-taiwan-foreign-military-financing-program/index.html
Thumbnail: https://b.thumbs.redditmedia.com/LewdIkGCJmdfwEICiK9Of4Ro0OaRcUyoWphQWXmy6dk.jpg
Images:
	https://external-preview.redd.it/tsVU-ndHK9c69bDVVLmX_VR4w5trIcpjfKpQnK9U3rU.jpg?auto=webp&amp;s=8c81424f32bc47aa472d2d267520e3a2a058c5ea
",,
National AIDS Control Organisation (NACO) Internship Programme,National AIDS Control Organisation Internship,MadeMeSmile,wmk1bg,https://www.reddit.com/r/MadeMeSmile/comments/wmk1bg/it_has_been_amazing_to_see_how_aids_has_been/,Master1718,t2_2fuzd5y2,224,83472,0.91,2022-08-12T12:27:07.000Z,post,"It has been amazing to see how aids has been controlled, definitely a win for humanity","URL: https://i.redd.it/cra4i4ha0ah91.jpg
Thumbnail: https://b.thumbs.redditmedia.com/vCtf4zI9mVOGC8KSj73uuykHYOoKJFIm5epAe6pLSdo.jpg
Images:
	https://preview.redd.it/cra4i4ha0ah91.jpg?auto=webp&amp;s=d2755a29fd3a67165533af48e45f2a7314a3eafe
",,
National AIDS Control Organisation (NACO) Internship Programme,National AIDS Control Organisation Internship,politics,j3b67p,https://www.reddit.com/r/politics/comments/j3b67p/trumps_exnational_security_adviser_says_president/,sstterry1,t2_9zmfn,455,21400,0.97,2020-10-01T15:51:05.000Z,post,Trump’s ex-national security adviser says president is ‘aiding and abetting’ Putin,"URL: https://www.politico.com/news/2020/10/01/former-national-security-adviser-trump-putin-424458
Thumbnail: https://b.thumbs.redditmedia.com/jxMS9KtiCXZeUVhGBju2h1PCwQ-xcCZIiRe_LEuUrag.jpg
Images:
	https://external-preview.redd.it/x8HLBf-lTUIB_PnruxcEoNTKSqMiL9LcmRX9K9H8YIA.jpg?auto=webp&amp;s=544af946ee99bb48b32419f93ab632433aa24129
",,
National AIDS Control Organisation (NACO) Internship Programme,National AIDS Control Organisation Internship,PropagandaPosters,11zkk4d,https://www.reddit.com/r/PropagandaPosters/comments/11zkk4d/discipline_an_eternal_hellenic_virtue_greek/,propagandopolis,t2_9cw2xkd5,66,1871,0.99,2023-03-23T13:33:06.000Z,post,"Discipline, an eternal Hellenic virtue — Greek poster, ca. 1936, promoting the National Youth Organisation (EON)","URL: https://i.redd.it/zvk3pp58rhpa1.jpg
Thumbnail: https://a.thumbs.redditmedia.com/hxVedzTr8Zb_ct6Y6mbfZP_FYub_ssxzQfK1v7mCM24.jpg
Images:
	https://preview.redd.it/zvk3pp58rhpa1.jpg?auto=webp&amp;s=d14277c8b685bd77982eca00a8bf06bf575a81c7
",,
National AIDS Control Organisation (NACO) Internship Programme,National AIDS Control Organisation Internship,worldnews,14p37mx,https://www.reddit.com/r/worldnews/comments/14p37mx/belarusian_paralympian_organises_abduction_of/,Espressodimare,t2_4y244xx0,75,1979,0.96,2023-07-02T23:55:30.000Z,post,Belarusian Paralympian organises abduction of Ukrainian children from occupied territories – National Resistance Centre,"URL: https://www.pravda.com.ua/eng/news/2023/07/2/7409551/
Thumbnail: https://b.thumbs.redditmedia.com/DaGdmvZCpjxgyRA_Zl35fnMcJFc__OiiP83_wa9XTPs.jpg
Images:
	https://external-preview.redd.it/PQzyG5SwvbvfBZ3jBd6T6s44BiBIg--zxMG_A03PR5k.jpg?auto=webp&amp;s=f7c6e9ba14821877822f61798146eb288652e747
",,
National AIDS Control Organisation (NACO) Internship Programme,National AIDS Control Organisation Internship,politics,15uhczv,https://www.reddit.com/r/politics/comments/15uhczv/the_supreme_court_could_overrule_rent_control_in/,newnemo,t2_jn0nv,976,4937,0.97,2023-08-18T11:01:14.000Z,post,The Supreme Court Could Overrule Rent Control In New York And Across The Nation,"URL: https://abovethelaw.com/2023/08/the-supreme-court-could-overrule-rent-control-in-new-york-and-across-the-nation/
Thumbnail: https://a.thumbs.redditmedia.com/FlIhQ0fWsiIlokFb_wyaBfViG1CUhft7pjQvBxuvZp0.jpg
Images:
	https://external-preview.redd.it/bi40DQ6wNWpGyg95W7im-Rgo-gq8YsagH8Q0jIKbOjQ.jpg?auto=webp&amp;s=cf0598d2b752bca6b7fa9d3bc4dfcb5b0be0c457
",,
National AIDS Control Organisation (NACO) Internship Programme,National AIDS Control Organisation,TrollYChromosome,eal016,https://www.reddit.com/r/TrollYChromosome/comments/eal016/a_piece_i_did_with_aids_concern_organisation_hong/,lovaduck,t2_27jfb2y,345,9080,0.97,2019-12-14T15:28:01.000Z,post,"A piece I did with AIDS Concern organisation Hong Kong to combat gender stereotypes, hope this brings peace to the world. :)","URL: https://i.redd.it/8ay2hg3jam441.jpg
Thumbnail: https://b.thumbs.redditmedia.com/6x-C1Lh76S60NofuxiMyc1qRxy8Yxz9tUwivfmDFR7w.jpg
Images:
	https://preview.redd.it/8ay2hg3jam441.jpg?auto=webp&amp;s=a2106ba70961656761e0167ecfba984e0e9c26d0
",,
National AIDS Control Organisation (NACO) Internship Programme,National AIDS Control Organisation,worldnews,1c27zf5,https://www.reddit.com/r/worldnews/comments/1c27zf5/idf_eliminates_hamas_terrorist_who_took_control/,Master-Concept-5260,t2_xic6p7bqm,456,3971,0.82,2024-04-12T12:32:49.000Z,post,IDF eliminates Hamas terrorist who took control of aid trucks in Gaza,"URL: https://m.jpost.com/israel-hamas-war/article-796693
Thumbnail: https://a.thumbs.redditmedia.com/jE-iK3cMScmYKxGCl27d6cmYP0X0Q_BN-WiWNcxUTM8.jpg
Images:
	https://external-preview.redd.it/izvUizzkxrJ3enkA6BzZ6CCzyNe6lAFpKRUJfazNYu0.jpg?auto=webp&amp;s=1294e089332017c68553e79af19ac5a7c07aaae0
",,
National AIDS Control Organisation (NACO) Internship Programme,National AIDS Control Organisation,MadeMeSmile,n3bnay,https://www.reddit.com/r/MadeMeSmile/comments/n3bnay/navajo_nation_sending_aid_to_india/,AdriftAlchemist,t2_8kpqjke,655,63857,0.92,2021-05-02T17:43:12.000Z,post,Navajo Nation sending aid to India,"URL: https://i.redd.it/mujgjecyuqw61.jpg
Thumbnail: https://a.thumbs.redditmedia.com/xsOqcq-sJTImKz04LcUHOsHAmOUR0tUWa35ABk5vgh0.jpg
Images:
	https://preview.redd.it/mujgjecyuqw61.jpg?auto=webp&amp;s=e4e109293ed8956a55024a256dbec77ab73c5f91
",,
National AIDS Control Organisation (NACO) Internship Programme,National AIDS Control Organisation,australia,or8a8b,https://www.reddit.com/r/australia/comments/or8a8b/protesters_believe_government_that_cant_even/,rustoren,t2_ah8sa6qq,753,11434,0.93,2021-07-25T09:06:35.000Z,post,Protesters Believe Government That Can’t Even Organise A Vax Rollout Is ‘Controlling Them’,"URL: https://www.theshovel.com.au/2021/07/25/protests-government-control/
Thumbnail: https://b.thumbs.redditmedia.com/bfq2eSE6OX-PSQ6igBvF5dqe-mYA54Hjs7HtYKIAWKQ.jpg
Images:
	https://external-preview.redd.it/gGHfsQd6mtq-zI24Ystx77ZrGvBDN2Ej1rieq-0RsH0.jpg?auto=webp&amp;s=3e954926c4bd55bf108af20b3d479c16bd3371ea
",,
National AIDS Control Organisation (NACO) Internship Programme,National AIDS Control Organisation,worldnews,g688qm,https://www.reddit.com/r/worldnews/comments/g688qm/trump_organisation_seeking_uk_and_irish_financial/,TrumpSharted,t2_hhq3wyu,333,3288,0.92,2020-04-22T20:01:58.000Z,post,Trump Organisation 'seeking UK and Irish financial aid' to cope with virus impact,"URL: https://www.telegraph.co.uk/news/2020/04/22/trump-organisation-seeking-uk-irish-financial-aid-cope-virus/
Thumbnail: https://a.thumbs.redditmedia.com/jviJjDNffPy60L_JooIyqr-7Kc4OiH4ByiU147ij-B8.jpg
Images:
	https://external-preview.redd.it/YFH9o-VrXEyY7JgmvvCMmo1AHKTlMMIjB4K8fFNCCC4.jpg?auto=webp&amp;s=e65543f825f9a497497cec4f97d9b9a45534774f
",,
National AIDS Control Organisation (NACO) Internship Programme,National AIDS Control Organisation,politics,4a0n14,https://www.reddit.com/r/politics/comments/4a0n14/hillary_clinton_falsely_credits_reagans_with/,-_---1,t2_w4vfl,946,8214,0.82,2016-03-11T20:43:44.000Z,post,Hillary Clinton Falsely Credits Reagans With Starting ‘National Conversation’ on HIV/AIDS,"URL: https://theintercept.com/2016/03/11/hillary-clinton-falsely-credits-the-reagans-with-starting-a-national-conversation-on-hivaids/
Thumbnail: https://b.thumbs.redditmedia.com/3bRSqnmW20ZjHj2aoJClB8OIQ_N0ODkQilPRIBjPsfM.jpg
Images:
	https://external-preview.redd.it/cqe5t2qqbhwx6JPczGIUBQwX6j0PrHva4APyFySxmng.jpg?auto=webp&amp;s=b90a0b28bd2421d018f4aa24447e506e08dac2c0
",,
National AIDS Control Organisation (NACO) Internship Programme,National AIDS Control Organisation,worldnews,6l86ge,https://www.reddit.com/r/worldnews/comments/6l86ge/united_nations_and_world_health_organisation_call/,I__Write,t2_wv4lz,1811,53040,0.66,2017-07-04T16:47:31.000Z,post,United Nations and World Health Organisation call for drugs to be decriminalised,"URL: https://www.independent.co.uk/news/health/united-nations-world-health-organisation-drugs-decriminalised-a7818726.html
Thumbnail: https://a.thumbs.redditmedia.com/ISip9_goM-WcYtLmvGtNNAsXgsH7aiV2bnEQkQftN34.jpg
Images:
	https://external-preview.redd.it/jOfWZb35wIFmWxBGMsHdnLfEewG-SBHaiJsaFX0kYrY.jpg?auto=webp&amp;s=6f4d50181447a44a5e0134d340a09c066d4acdb8
",,
National AIDS Control Organisation (NACO) Internship Programme,National AIDS Control Organisation,imaginarymaps,18j5gpu,https://www.reddit.com/r/imaginarymaps/comments/18j5gpu/the_nations_of_the_euroafrican_treaty_organisation/,Affectionate_Wash_11,t2_5wl3di1q,51,995,0.98,2023-12-15T17:33:34.000Z,post,The nations of the Euroafrican Treaty Organisation,"URL: https://i.redd.it/bdxa0h15vh6c1.jpeg
Thumbnail: https://b.thumbs.redditmedia.com/ddmXhsonI8F4fqmdQI4bMIvCBaR_wMkaj-zpp7VQSqU.jpg
Images:
	https://preview.redd.it/bdxa0h15vh6c1.jpeg?auto=webp&amp;s=2fbf7495999837476fad127315ec161fd59364fc
",,
National AIDS Control Organisation (NACO) Internship Programme,National AIDS Control Organisation,wholesomememes,157c1kz,https://www.reddit.com/r/wholesomememes/comments/157c1kz/it_has_been_amazing_to_see_how_aids_has_been/,JoannHammond5,t2_vgylipcg,860,64557,0.92,2023-07-23T11:07:26.000Z,post,"It has been amazing to see how aids has been controlled, definitely a win for humanity","URL: https://i.redd.it/fe0wiju26pdb1.jpg
Thumbnail: https://a.thumbs.redditmedia.com/pi97s9bLnuu5KffgVQdpy5jMjjt5fnPwZI8OU4D1BO4.jpg
Images:
	https://preview.redd.it/fe0wiju26pdb1.jpg?auto=webp&amp;s=962822e21abb7cade1647c097ccfe0e05c90f317
",,
National AIDS Control Organisation (NACO) Internship Programme,National AIDS Control Organisation,worldnews,7706d2,https://www.reddit.com/r/worldnews/comments/7706d2/neonazi_and_national_front_organiser_quits/,gloriousglib,t2_gcbi1,5013,85070,0.84,2017-10-17T17:36:53.000Z,post,"Neo-Nazi and National Front organiser quits movement, comes out as gay, opens up about Jewish heritage","URL: https://www.channel4.com/news/neo-nazi-national-front-organiser-quits-movement-comes-out-as-gay-kevin-wilshaw-jewish-heritage
Thumbnail: https://a.thumbs.redditmedia.com/-qPHCcM4LzTC4FWH2d5qLMZbmEX5gkmjkUNHsAsQ7D8.jpg
Images:
	https://external-preview.redd.it/fEMcH2xs_hIhwUNp_dJjeFZjT2hapmZFS642kl4BzCc.jpg?auto=webp&amp;s=f753b3661c8fc649ae11ab7f82ac4b87422ffe83
",,
National AIDS Control Organisation (NACO) Internship Programme,National AIDS Control Organisation,formuladank,14bovee,https://www.reddit.com/r/formuladank/comments/14bovee/surely_the_organisers_have_this_under_control/,YayMayonnaise,t2_w0jzwkj,22,3340,0.99,2023-06-17T11:36:06.000Z,post,Surely the organisers have this under control,"URL: https://i.redd.it/9bqrqcjpdk6b1.jpg
Thumbnail: https://b.thumbs.redditmedia.com/TedA6KUUdp3iyULlkIJxlLvxfsanLE1W09lvPfVTJTM.jpg
Images:
	https://preview.redd.it/9bqrqcjpdk6b1.jpg?auto=webp&amp;s=3ef084367ecf2976746d4a5e5a2ffa6253324b9e
",,
National AIDS Control Organisation (NACO) Internship Programme,National AIDS Control Organisation,comedyheaven,q61w0p,https://www.reddit.com/r/comedyheaven/comments/q61w0p/in_aid_of_national_coming_out_day_in_the_uk/,moleinahole94,t2_4jkvlxyu,243,53999,0.95,2021-10-11T18:09:35.000Z,post,In aid of National Coming Out Day in the UK...,"URL: https://i.redd.it/8sv26udd3vs71.jpg
Thumbnail: https://b.thumbs.redditmedia.com/BRBiRpuahRUNCyDMF9Anh79oLjkjnKwtC8fJ4Tf-VCo.jpg
Images:
	https://preview.redd.it/8sv26udd3vs71.jpg?auto=webp&amp;s=3dc45bb0aae4dcb145fa08bfd92ada28ddb82a6f
",,
National AIDS Control Organisation (NACO) Internship Programme,National AIDS Control Organisation,popheads,r7bjk9,https://www.reddit.com/r/popheads/comments/r7bjk9/hivaids_organisations_say_dababy_ghosted_them_and/,sincerityisscxry,t2_44gw1gvm,127,2334,0.99,2021-12-02T16:45:02.000Z,post,HIV/AIDs organisations say DaBaby “ghosted” them and has not donated any money,"URL: https://www.nme.com/news/music/hiv-aids-organisations-say-dababy-has-ghosted-them-and-not-donated-any-money-3109606
",,
National AIDS Control Organisation (NACO) Internship Programme,National AIDS Control Organisation,TrollYChromosome,eek8ev,https://www.reddit.com/r/TrollYChromosome/comments/eek8ev/consent_a_concept_every_single_person_should_know/,lovaduck,t2_27jfb2y,291,4488,0.92,2019-12-23T12:50:56.000Z,post,"Consent, a concept every single person should know. Drew this piece to explain consent, collaboration with Aids Concern Organisation Hong Kong. Wish you a safe and merry Christmas :)","URL: https://i.redd.it/c9v096cpqd641.jpg
Thumbnail: https://b.thumbs.redditmedia.com/QXuSKcrWCFsgJ9CxLqO0qZgWlp1BRHZW6oh3xao1m9Q.jpg
Images:
	https://preview.redd.it/c9v096cpqd641.jpg?auto=webp&amp;s=8ee22b1a8629719088926364c44d4bc2caa743c4
",,
National AIDS Control Organisation (NACO) Internship Programme,National AIDS Control Organisation,politics,1524i1v,https://www.reddit.com/r/politics/comments/1524i1v/democratic_senator_gop_will_100_percent_pass/,keyjan,t2_mlz96,786,10294,0.97,2023-07-17T15:05:28.000Z,post,Democratic senator: GOP will ‘100 percent’ pass national abortion ban with control of Congress,"URL: https://thehill.com/homenews/house/4101202-democratic-senator-gop-will-100-percent-pass-national-abortion-ban-with-control-of-congress/
Thumbnail: https://b.thumbs.redditmedia.com/aXl-kP7zYuF7JuQCuzJ02XUwGp2iHP8XA4-JaRjewYQ.jpg
Images:
	https://external-preview.redd.it/8JDHj4yOiksy3I3_IQy8RmHpZ0lkSkVDiMNkgSQBo9Y.jpg?auto=webp&amp;s=eb8905688220b0385b508b8454896f5c4f69bed1
",,
National AIDS Control Organisation (NACO) Internship Programme,National AIDS Control Organisation,LeopardsAteMyFace,ijyvb3,https://www.reddit.com/r/LeopardsAteMyFace/comments/ijyvb3/coplover_gets_denied_first_aid_by_outofcontrol/,roterwedding,t2_6kmo37f2,379,29604,0.89,2020-08-31T14:22:11.000Z,post,"Coplover gets denied first aid by out-of-control cops, dies.","URL: https://i.redd.it/0doy4nw4j8k51.jpg
Thumbnail: https://b.thumbs.redditmedia.com/CvwRu5MDYWbiQEMB4aj5SP3MNIZv9JBZZrTGjIAUa5M.jpg
Images:
	https://preview.redd.it/0doy4nw4j8k51.jpg?auto=webp&amp;s=fd788e4b39a4ea5560383c7820dd3717d3e395f9
",,
National AIDS Control Organisation (NACO) Internship Programme,National AIDS Control Organisation,PropagandaPosters,zsrlfj,https://www.reddit.com/r/PropagandaPosters/comments/zsrlfj/thank_god_i_said_no_to_aids_i_am_driving_straight/,BalQn,t2_41tvbr0s,90,3199,0.99,2022-12-22T17:25:40.000Z,post,"''Thank God I Said NO to AIDS - I AM DRIVING STRAIGHT HOME TO MY WIFE'' - Ugandan lithograph made as a part of the AIDS Control Programme, circa 1995","URL: https://i.redd.it/qtkrp0zdgh7a1.jpg
Thumbnail: https://a.thumbs.redditmedia.com/2ts-c5h22Rzo9h2WE8x8t85fxD7HAkhHjgjdJ950rc8.jpg
Images:
	https://preview.redd.it/qtkrp0zdgh7a1.jpg?auto=webp&amp;s=8af02f7ce32a2dc3a9a0a30611cd7b5b6ab66ed9
",,
National AIDS Control Organisation (NACO) Internship Programme,National AIDS Control Organisation,UpliftingNews,xnmmgy,https://www.reddit.com/r/UpliftingNews/comments/xnmmgy/biden_surprises_elton_john_with_the_national/,Sariel007,t2_41v32,653,24685,0.9,2022-09-25T12:54:34.000Z,post,Biden Surprises Elton John With The National Humanities Medal Following A Concert At The White House For His Years Of Advocacy In The Fight Against HIV/AIDS,"URL: https://www.cnn.com/2022/09/23/politics/elton-john-humanities-medal-white-house-performance-biden/index.html
Thumbnail: https://b.thumbs.redditmedia.com/z34t1GnaFwR8NU2X1nbXFW8n7J1wWk3ocwTbLpR9tPw.jpg
Images:
	https://external-preview.redd.it/-kbiJAPl8UeS697JijNW3hcS3dY4W7DTIyE7h-5g42s.jpg?auto=webp&amp;s=917c8e65b40377e77cb16b1378562af4868a3b7b
",,
National AIDS Control Organisation (NACO) Internship Programme,National AIDS Control Organisation,worldnews,1660gew,https://www.reddit.com/r/worldnews/comments/1660gew/us_approves_firstever_military_aid_to_taiwan/,the_real_jake,t2_12hiig,301,2793,0.97,2023-08-31T04:02:33.000Z,post,US approves first-ever military aid to Taiwan through program typically used for sovereign nations,"URL: https://www.cnn.com/2023/08/30/politics/us-taiwan-foreign-military-financing-program/index.html
Thumbnail: https://b.thumbs.redditmedia.com/LewdIkGCJmdfwEICiK9Of4Ro0OaRcUyoWphQWXmy6dk.jpg
Images:
	https://external-preview.redd.it/tsVU-ndHK9c69bDVVLmX_VR4w5trIcpjfKpQnK9U3rU.jpg?auto=webp&amp;s=8c81424f32bc47aa472d2d267520e3a2a058c5ea
",,
National AIDS Control Organisation (NACO) Internship Programme,National AIDS Control Organisation,nottheonion,770cty,https://www.reddit.com/r/nottheonion/comments/770cty/exclusive_neonazi_and_national_front_organiser/,tcolgan23,t2_gs6lrpl,856,25423,0.88,2017-10-17T18:02:21.000Z,post,"Exclusive: Neo-Nazi and National Front organiser quits movement, opens up about Jewish heritage, comes out as gay","URL: https://www.channel4.com/news/neo-nazi-national-front-organiser-quits-movement-comes-out-as-gay-kevin-wilshaw-jewish-heritage
Thumbnail: https://a.thumbs.redditmedia.com/-qPHCcM4LzTC4FWH2d5qLMZbmEX5gkmjkUNHsAsQ7D8.jpg
Images:
	https://external-preview.redd.it/fEMcH2xs_hIhwUNp_dJjeFZjT2hapmZFS642kl4BzCc.jpg?auto=webp&amp;s=f753b3661c8fc649ae11ab7f82ac4b87422ffe83
",,
National AIDS Control Organisation (NACO) Internship Programme,National AIDS Control Organisation,PropagandaPosters,11zkk4d,https://www.reddit.com/r/PropagandaPosters/comments/11zkk4d/discipline_an_eternal_hellenic_virtue_greek/,propagandopolis,t2_9cw2xkd5,66,1874,0.99,2023-03-23T13:33:06.000Z,post,"Discipline, an eternal Hellenic virtue — Greek poster, ca. 1936, promoting the National Youth Organisation (EON)","URL: https://i.redd.it/zvk3pp58rhpa1.jpg
Thumbnail: https://a.thumbs.redditmedia.com/hxVedzTr8Zb_ct6Y6mbfZP_FYub_ssxzQfK1v7mCM24.jpg
Images:
	https://preview.redd.it/zvk3pp58rhpa1.jpg?auto=webp&amp;s=d14277c8b685bd77982eca00a8bf06bf575a81c7
",,
National AIDS Control Organisation (NACO) Internship Programme,National AIDS Control Organisation,MadeMeSmile,wmk1bg,https://www.reddit.com/r/MadeMeSmile/comments/wmk1bg/it_has_been_amazing_to_see_how_aids_has_been/,Master1718,t2_2fuzd5y2,224,83477,0.91,2022-08-12T12:27:07.000Z,post,"It has been amazing to see how aids has been controlled, definitely a win for humanity","URL: https://i.redd.it/cra4i4ha0ah91.jpg
Thumbnail: https://b.thumbs.redditmedia.com/vCtf4zI9mVOGC8KSj73uuykHYOoKJFIm5epAe6pLSdo.jpg
Images:
	https://preview.redd.it/cra4i4ha0ah91.jpg?auto=webp&amp;s=d2755a29fd3a67165533af48e45f2a7314a3eafe
",,
National AIDS Control Organisation (NACO) Internship Programme,National AIDS Control Organisation,politics,j3b67p,https://www.reddit.com/r/politics/comments/j3b67p/trumps_exnational_security_adviser_says_president/,sstterry1,t2_9zmfn,455,21401,0.97,2020-10-01T15:51:05.000Z,post,Trump’s ex-national security adviser says president is ‘aiding and abetting’ Putin,"URL: https://www.politico.com/news/2020/10/01/former-national-security-adviser-trump-putin-424458
Thumbnail: https://b.thumbs.redditmedia.com/jxMS9KtiCXZeUVhGBju2h1PCwQ-xcCZIiRe_LEuUrag.jpg
Images:
	https://external-preview.redd.it/x8HLBf-lTUIB_PnruxcEoNTKSqMiL9LcmRX9K9H8YIA.jpg?auto=webp&amp;s=544af946ee99bb48b32419f93ab632433aa24129
",,
National AIDS Control Organisation (NACO) Internship Programme,National AIDS Control Organisation,worldnews,14p37mx,https://www.reddit.com/r/worldnews/comments/14p37mx/belarusian_paralympian_organises_abduction_of/,Espressodimare,t2_4y244xx0,75,1982,0.96,2023-07-02T23:55:30.000Z,post,Belarusian Paralympian organises abduction of Ukrainian children from occupied territories – National Resistance Centre,"URL: https://www.pravda.com.ua/eng/news/2023/07/2/7409551/
Thumbnail: https://b.thumbs.redditmedia.com/DaGdmvZCpjxgyRA_Zl35fnMcJFc__OiiP83_wa9XTPs.jpg
Images:
	https://external-preview.redd.it/PQzyG5SwvbvfBZ3jBd6T6s44BiBIg--zxMG_A03PR5k.jpg?auto=webp&amp;s=f7c6e9ba14821877822f61798146eb288652e747
",,
National AIDS Control Organisation (NACO) Internship Programme,National AIDS Control Organisation,politics,15uhczv,https://www.reddit.com/r/politics/comments/15uhczv/the_supreme_court_could_overrule_rent_control_in/,newnemo,t2_jn0nv,976,4933,0.97,2023-08-18T11:01:14.000Z,post,The Supreme Court Could Overrule Rent Control In New York And Across The Nation,"URL: https://abovethelaw.com/2023/08/the-supreme-court-could-overrule-rent-control-in-new-york-and-across-the-nation/
Thumbnail: https://a.thumbs.redditmedia.com/FlIhQ0fWsiIlokFb_wyaBfViG1CUhft7pjQvBxuvZp0.jpg
Images:
	https://external-preview.redd.it/bi40DQ6wNWpGyg95W7im-Rgo-gq8YsagH8Q0jIKbOjQ.jpg?auto=webp&amp;s=cf0598d2b752bca6b7fa9d3bc4dfcb5b0be0c457
",,
National AIDS Control Organisation (NACO) Internship Programme,National AIDS Control Organisation,entertainment,xn67e7,https://www.reddit.com/r/entertainment/comments/xn67e7/biden_surprises_elton_john_with_the_national/,Gato1980,t2_12rs05,246,11870,0.95,2022-09-24T22:37:19.000Z,post,Biden Surprises Elton John With The National Humanities Medal Following A Concert At The White House For His Years Of Advocacy In The Fight Against HIV/AIDS,"URL: https://www.cnn.com/2022/09/23/politics/elton-john-humanities-medal-white-house-performance-biden/index.html
Thumbnail: https://b.thumbs.redditmedia.com/z34t1GnaFwR8NU2X1nbXFW8n7J1wWk3ocwTbLpR9tPw.jpg
Images:
	https://external-preview.redd.it/-kbiJAPl8UeS697JijNW3hcS3dY4W7DTIyE7h-5g42s.jpg?auto=webp&amp;s=917c8e65b40377e77cb16b1378562af4868a3b7b
",,
National AIDS Control Organisation (NACO) Internship Programme,National AIDS Control Organisation,news,77097j,https://www.reddit.com/r/news/comments/77097j/neonazi_and_national_front_organiser_quits/,yakinikutabehoudai,t2_89t5s,586,4323,0.89,2017-10-17T17:48:09.000Z,post,"Neo-Nazi and National Front organiser quits movement, comes out as gay, opens up about Jewish heritage","URL: https://www.channel4.com/news/neo-nazi-national-front-organiser-quits-movement-comes-out-as-gay-kevin-wilshaw-jewish-heritage
",,
National AIDS Control Organisation (NACO) Internship Programme,National AIDS Control Organisation,worldnews,xsjhp2,https://www.reddit.com/r/worldnews/comments/xsjhp2/cuban_government_asks_us_for_aid_in_rare_request/,ictericiajs,t2_in12l75t,3354,33519,0.94,2022-10-01T02:19:27.000Z,post,"Cuban government asks US for aid in rare request following Hurricane Ian damage despite chilly relationship between the two nations, per WSJ","URL: https://www.businessinsider.com/wsj-cuban-government-asks-us-aid-following-hurricane-ian-damage-2022-9?international=true&amp;r=US&amp;IR=T
Thumbnail: https://b.thumbs.redditmedia.com/Ux5UJmIwLDyE4L8nFkur4LQbC28Lg0xQDYJ4sG1PX2M.jpg
Images:
	https://external-preview.redd.it/RfERyTp83WhH8wn_ICV4-jjK45pwl2V4mBFddvjVfDQ.jpg?auto=webp&amp;s=0ab71ea71753f5cfa951932c3796c08dfe8fb3d3
",,
National AIDS Control Organisation (NACO) Internship Programme,National AIDS Control Organisation,politics,12d5da8,https://www.reddit.com/r/politics/comments/12d5da8/our_blood_your_hands_students_stage_national/,Picture-unrelated,t2_e5bpbqtx,217,3734,0.97,2023-04-06T01:49:22.000Z,post,"'Our Blood, Your Hands': Students Stage National Walkout to Demand Gun Control","URL: https://www.commondreams.org/news/national-school-walkout
Thumbnail: https://b.thumbs.redditmedia.com/1DbWbJONHnKir07JkADvoaI4QYRWQFBufyk8bBNR_Ls.jpg
Images:
	https://external-preview.redd.it/66tDl7rRIh6P1fh839IG-jVT_SAyQ8t1VYYP4M23jYU.jpg?auto=webp&amp;s=6b9102f32fb5dde43e36bd96f8c93191290f93cd
",,
National AIDS Control Organisation (NACO) Internship Programme,National AIDS Control Organisation,politics,xmpv40,https://www.reddit.com/r/politics/comments/xmpv40/elton_john_awarded_medal_by_joe_biden_for_his/,misana123,t2_5lzl17hr,418,13072,0.97,2022-09-24T11:02:06.000Z,post,Elton John awarded medal by Joe Biden for his work to end Aids | Singer moved to tears as US president awards him National Humanities Medal after White House performance,"URL: https://www.theguardian.com/music/2022/sep/24/elton-john-awarded-medal-by-joe-biden-for-his-work-to-end-aids
Thumbnail: https://b.thumbs.redditmedia.com/YHQeQGyWoVWH1Juu4NaXAeCcocXxnBg-0YRDg2Dwsrs.jpg
Images:
	https://external-preview.redd.it/1YlC6I2V-aicLGvX2ejDUgQvlDxCUV1qH6iNQ14UwL8.jpg?auto=webp&amp;s=00bf6123f198b1a3202ac8e8aa3b40fcfc941dfd
",,
